,feature,importance,fold
0,EngineVersion,16.0,5
1,AppVersion,50.6,5
2,AvSigVersion,33.2,5
3,RtpStateBitfield,5.6,5
4,AVProductStatesIdentifier,52.6,5
5,AVProductsInstalled,15.8,5
6,AVProductsEnabled,2.2,5
7,Processor,2.0,5
8,OsBuildLab,18.2,5
9,IsProtected,4.2,5
10,SMode,4.6,5
11,SmartScreen,14.6,5
12,Census_MDC2FormFactor,4.2,5
13,Census_OEMNameIdentifier,0.2,5
14,Census_ProcessorModelIdentifier,2.2,5
15,Census_PrimaryDiskTotalCapacity,6.6,5
16,Census_TotalPhysicalRAM,14.6,5
17,Census_ChassisTypeName,6.2,5
18,Census_InternalPrimaryDiagonalDisplaySizeInInches,5.8,5
19,Census_PowerPlatformRoleName,0.4,5
20,Census_OSVersion,31.6,5
21,Census_OSArchitecture,0.0,5
22,Census_OSEdition,10.6,5
23,Census_OSSkuName,1.6,5
24,Census_OSInstallTypeName,32.2,5
25,Census_OSInstallLanguageIdentifier,5.2,5
26,Census_OSUILocaleIdentifier,5.2,5
27,Census_ActivationChannel,10.2,5
28,Census_FirmwareManufacturerIdentifier,2.6,5
29,Census_IsVirtualDevice,8.0,5
30,Census_IsAlwaysOnAlwaysConnectedCapable,0.6,5
31,Wdft_IsGamer,9.8,5
32,Wdft_RegionIdentifier,11.6,5
33,EngineVersion_2,5.8,5
34,AppVersion_1,1.8,5
35,AppVersion_2,9.4,5
36,AppVersion_3,18.2,5
37,AvSigVersion_1,29.2,5
38,AvSigVersion_2,14.4,5
39,OsBuildLab_1,6.4,5
40,Census_OSVersion_3,30.8,5
41,primary_drive_c_ratio,1.6,5
42,non_primary_drive_MB,7.0,5
43,aspect_ratio,0.4,5
44,monitor_dims,15.8,5
45,Screen_Area,2.8,5
46,new_num_1,6.0,5
47,target_encoding_CountryIdentifier,39.6,5
